platform,content_type,module,key,variant,text,developer_comment,context_comment,placeholders,translatable,state,internal_only,source_file,line,source_url
Android,accessibility,ad-blocking/ad-blocking-impl,contingencyMessageCloseContentDescription,,Close,,,,true,,false,apps/android/ad-blocking/ad-blocking-impl/src/main/res/values/strings-ad-blocking.xml,30,https://github.com/duckduckgo/Android/blob/65f660b66c0e996bdbfcf6a61f6756e89457bc83/ad-blocking/ad-blocking-impl/src/main/res/values/strings-ad-blocking.xml#L30
Android,accessibility,ad-blocking/ad-blocking-impl,ad_blocking_menu_close_content_description,,Close,,,,true,,false,apps/android/ad-blocking/ad-blocking-impl/src/main/res/values/strings-ad-blocking.xml,34,https://github.com/duckduckgo/Android/blob/65f660b66c0e996bdbfcf6a61f6756e89457bc83/ad-blocking/ad-blocking-impl/src/main/res/values/strings-ad-blocking.xml#L34
Android,accessibility,ad-blocking/ad-blocking-impl,duck_player_close_modal_content_description,,Close,,,,true,,false,apps/android/ad-blocking/ad-blocking-impl/src/main/res/values/strings-duckplayer.xml,30,https://github.com/duckduckgo/Android/blob/65f660b66c0e996bdbfcf6a61f6756e89457bc83/ad-blocking/ad-blocking-impl/src/main/res/values/strings-duckplayer.xml#L30
Android,accessibility,android-design-system/design-system,searchbar_cleartextaction_content_description_default,,Collapse,,Defaults Searchbar,,false,,false,apps/android/android-design-system/design-system/src/main/res/values/donottranslate.xml,63,https://github.com/duckduckgo/Android/blob/65f660b66c0e996bdbfcf6a61f6756e89457bc83/android-design-system/design-system/src/main/res/values/donottranslate.xml#L63
Android,accessibility,android-design-system/design-system,searchbar_upaction_content_description_default,,Navigate up,,Defaults Searchbar,,false,,false,apps/android/android-design-system/design-system/src/main/res/values/donottranslate.xml,65,https://github.com/duckduckgo/Android/blob/65f660b66c0e996bdbfcf6a61f6756e89457bc83/android-design-system/design-system/src/main/res/values/donottranslate.xml#L65
Android,accessibility,android-design-system/design-system,dax_top_app_bar_back_content_description,,Back,,Top App Bars,,false,,false,apps/android/android-design-system/design-system/src/main/res/values/donottranslate.xml,72,https://github.com/duckduckgo/Android/blob/65f660b66c0e996bdbfcf6a61f6756e89457bc83/android-design-system/design-system/src/main/res/values/donottranslate.xml#L72
Android,accessibility,android-design-system/design-system,dax_top_app_bar_close_content_description,,Close,,Top App Bars,,false,,false,apps/android/android-design-system/design-system/src/main/res/values/donottranslate.xml,73,https://github.com/duckduckgo/Android/blob/65f660b66c0e996bdbfcf6a61f6756e89457bc83/android-design-system/design-system/src/main/res/values/donottranslate.xml#L73
Android,accessibility,android-design-system/design-system,dax_top_app_bar_clear_search_content_description,,Clear search,,Top App Bars,,false,,false,apps/android/android-design-system/design-system/src/main/res/values/donottranslate.xml,74,https://github.com/duckduckgo/Android/blob/65f660b66c0e996bdbfcf6a61f6756e89457bc83/android-design-system/design-system/src/main/res/values/donottranslate.xml#L74
Android,accessibility,android-design-system/design-system,dax_top_app_bar_exit_search_content_description,,Exit search,,Top App Bars,,false,,false,apps/android/android-design-system/design-system/src/main/res/values/donottranslate.xml,75,https://github.com/duckduckgo/Android/blob/65f660b66c0e996bdbfcf6a61f6756e89457bc83/android-design-system/design-system/src/main/res/values/donottranslate.xml#L75
Android,accessibility,android-design-system/design-system,closeButtonContentDescription,,Close,,Content Descriptions,,true,,false,apps/android/android-design-system/design-system/src/main/res/values/strings-common-ui.xml,45,https://github.com/duckduckgo/Android/blob/65f660b66c0e996bdbfcf6a61f6756e89457bc83/android-design-system/design-system/src/main/res/values/strings-common-ui.xml#L45
Android,accessibility,android-design-system/design-system,bookmarkFavoriteContentDescription,,Favorite,,Content Descriptions,,true,,false,apps/android/android-design-system/design-system/src/main/res/values/strings-common-ui.xml,46,https://github.com/duckduckgo/Android/blob/65f660b66c0e996bdbfcf6a61f6756e89457bc83/android-design-system/design-system/src/main/res/values/strings-common-ui.xml#L46
Android,accessibility,app,clearButtonContentDescription,,Clear search input,,Browser Activity,,true,,false,apps/android/app/src/main/res/values/strings.xml,50,https://github.com/duckduckgo/Android/blob/65f660b66c0e996bdbfcf6a61f6756e89457bc83/app/src/main/res/values/strings.xml#L50
Android,accessibility,app,faviconContentDescription,,Favicon,,Tabs,,true,,false,apps/android/app/src/main/res/values/strings.xml,107,https://github.com/duckduckgo/Android/blob/65f660b66c0e996bdbfcf6a61f6756e89457bc83/app/src/main/res/values/strings.xml#L107
Android,accessibility,app,closeContentDescription,,Close,,Tabs,,true,,false,apps/android/app/src/main/res/values/strings.xml,108,https://github.com/duckduckgo/Android/blob/65f660b66c0e996bdbfcf6a61f6756e89457bc83/app/src/main/res/values/strings.xml#L108
Android,accessibility,app,surveyDismissContentDescription,,Dismiss survey,,User Survey,,true,,false,apps/android/app/src/main/res/values/strings.xml,324,https://github.com/duckduckgo/Android/blob/65f660b66c0e996bdbfcf6a61f6756e89457bc83/app/src/main/res/values/strings.xml#L324
Android,accessibility,app,allowlistEntryOverflowContentDescription,,More options for unprotected site %1$s,Placeholder is a website,Allowlist,%1$s,true,,false,apps/android/app/src/main/res/values/strings.xml,448,https://github.com/duckduckgo/Android/blob/65f660b66c0e996bdbfcf6a61f6756e89457bc83/app/src/main/res/values/strings.xml#L448
Android,accessibility,app,fireproofWebsiteOverflowContentDescription,,More options for fireproof website %1$s,Placeholder is a website,Fireproof websites,%1$s,true,,false,apps/android/app/src/main/res/values/strings.xml,466,https://github.com/duckduckgo/Android/blob/65f660b66c0e996bdbfcf6a61f6756e89457bc83/app/src/main/res/values/strings.xml#L466
Android,accessibility,app,preciseLocationDeleteContentDescription,,More options for location permissions in domain %1$s,Placeholder is the domain of a website,Precise Location,%1$s,true,,false,apps/android/app/src/main/res/values/strings.xml,522,https://github.com/duckduckgo/Android/blob/65f660b66c0e996bdbfcf6a61f6756e89457bc83/app/src/main/res/values/strings.xml#L522
Android,accessibility,app,settingsAccessibility,,Accessibility,,Accessibility,,true,,false,apps/android/app/src/main/res/values/strings.xml,565,https://github.com/duckduckgo/Android/blob/65f660b66c0e996bdbfcf6a61f6756e89457bc83/app/src/main/res/values/strings.xml#L565
Android,accessibility,app,accessibilityActivityTitle,,Accessibility,,Accessibility,,true,,false,apps/android/app/src/main/res/values/strings.xml,566,https://github.com/duckduckgo/Android/blob/65f660b66c0e996bdbfcf6a61f6756e89457bc83/app/src/main/res/values/strings.xml#L566
Android,accessibility,app,accessibilityFontSizeTitle,,Text size,,Accessibility,,true,,false,apps/android/app/src/main/res/values/strings.xml,567,https://github.com/duckduckgo/Android/blob/65f660b66c0e996bdbfcf6a61f6756e89457bc83/app/src/main/res/values/strings.xml#L567
Android,accessibility,app,accessibilityFontSizeHint,,Drag the slider until you can read this comfortably. Websites you view in DuckDuckGo will adjust to it.,,Accessibility,,true,,false,apps/android/app/src/main/res/values/strings.xml,568,https://github.com/duckduckgo/Android/blob/65f660b66c0e996bdbfcf6a61f6756e89457bc83/app/src/main/res/values/strings.xml#L568
Android,accessibility,app,accessibilityForceZoomTitle,,Enforce Manual Page Zoom,,Accessibility,,true,,false,apps/android/app/src/main/res/values/strings.xml,569,https://github.com/duckduckgo/Android/blob/65f660b66c0e996bdbfcf6a61f6756e89457bc83/app/src/main/res/values/strings.xml#L569
Android,accessibility,app,accessibilityForceZoomSubtitle,,"Pinch and zoom on any site, even those that would otherwise prevent it",,Accessibility,,true,,false,apps/android/app/src/main/res/values/strings.xml,570,https://github.com/duckduckgo/Android/blob/65f660b66c0e996bdbfcf6a61f6756e89457bc83/app/src/main/res/values/strings.xml#L570
Android,accessibility,app,accessibilityTextSizeOverrideTitle,,Manage Text Size,,Accessibility,,true,,false,apps/android/app/src/main/res/values/strings.xml,571,https://github.com/duckduckgo/Android/blob/65f660b66c0e996bdbfcf6a61f6756e89457bc83/app/src/main/res/values/strings.xml#L571
Android,accessibility,app,accessibilityTextSizeOverrideSubtitle,,Text on websites you view in DuckDuckGo will adjust to match the setting below,,Accessibility,,true,,false,apps/android/app/src/main/res/values/strings.xml,572,https://github.com/duckduckgo/Android/blob/65f660b66c0e996bdbfcf6a61f6756e89457bc83/app/src/main/res/values/strings.xml#L572
Android,accessibility,app,accessibilityVoiceSearchSubtitle,,"Add Private Voice Search option to the address bar. Audio is not stored or shared with anyone, including DuckDuckGo.",,Private voice search,,true,,false,apps/android/app/src/main/res/values/strings.xml,686,https://github.com/duckduckgo/Android/blob/65f660b66c0e996bdbfcf6a61f6756e89457bc83/app/src/main/res/values/strings.xml#L686
Android,accessibility,app,accessibilityVoiceSearchTitle,,Private Voice Search,,Private voice search,,true,,false,apps/android/app/src/main/res/values/strings.xml,687,https://github.com/duckduckgo/Android/blob/65f660b66c0e996bdbfcf6a61f6756e89457bc83/app/src/main/res/values/strings.xml#L687
Android,accessibility,app-tracking-protection/vpn-impl,atp_onboarding_close_button_content_description,,Close,,Content Descriptions,,true,,false,apps/android/app-tracking-protection/vpn-impl/src/main/res/values/strings-vpn.xml,439,https://github.com/duckduckgo/Android/blob/65f660b66c0e996bdbfcf6a61f6756e89457bc83/app-tracking-protection/vpn-impl/src/main/res/values/strings-vpn.xml#L439
Android,accessibility,app-tracking-protection/vpn-impl,atp_close_button_content_description,,Close,,Content Descriptions,,true,,false,apps/android/app-tracking-protection/vpn-impl/src/main/res/values/strings-vpn.xml,440,https://github.com/duckduckgo/Android/blob/65f660b66c0e996bdbfcf6a61f6756e89457bc83/app-tracking-protection/vpn-impl/src/main/res/values/strings-vpn.xml#L440
Android,accessibility,autofill/autofill-impl,autofillDialogCloseButtonContentDescription,,Close Autofill Dialog,,,,true,,false,apps/android/autofill/autofill-impl/src/main/res/values/strings-autofill-impl.xml,43,https://github.com/duckduckgo/Android/blob/65f660b66c0e996bdbfcf6a61f6756e89457bc83/autofill/autofill-impl/src/main/res/values/strings-autofill-impl.xml#L43
Android,accessibility,autofill/autofill-impl,credentialManagementLinkButtonContentDescription,,Open website,Accessibility text for a button that will show next to a text field containing a website address; it will launch the website when tapped,"Autofill Management Survey Prompt, shown only to English locale so marked as not translatable",,true,,false,apps/android/autofill/autofill-impl/src/main/res/values/strings-autofill-impl.xml,83,https://github.com/duckduckgo/Android/blob/65f660b66c0e996bdbfcf6a61f6756e89457bc83/autofill/autofill-impl/src/main/res/values/strings-autofill-impl.xml#L83
Android,accessibility,browser/browser-ui,hatchMenuAfterInactivityContentDescription,,"%1$s, %2$s","'%1$s' is the menu row label ('After Inactivity') and '%2$s' is the current destination, e.g. 'After Inactivity, New Tab Page'",Not yet requested for translation: move to strings-new-tab-return-hatch.xml when copy is final.,%1$s %2$s,false,,false,apps/android/browser/browser-ui/src/main/res/values/donottranslate.xml,25,https://github.com/duckduckgo/Android/blob/65f660b66c0e996bdbfcf6a61f6756e89457bc83/browser/browser-ui/src/main/res/values/donottranslate.xml#L25
Android,accessibility,browser/browser-ui,tabSwitcherContentDescription,,Tabs,,Not yet requested for translation: move to strings-new-tab-return-hatch.xml when copy is final.,,false,,false,apps/android/browser/browser-ui/src/main/res/values/donottranslate.xml,27,https://github.com/duckduckgo/Android/blob/65f660b66c0e996bdbfcf6a61f6756e89457bc83/browser/browser-ui/src/main/res/values/donottranslate.xml#L27
Android,accessibility,browser/browser-ui,duck_ai_tab_icon_content_description,,Duck.ai icon,,Not yet requested for translation: move to strings-new-tab-return-hatch.xml when copy is final.,,false,,false,apps/android/browser/browser-ui/src/main/res/values/donottranslate.xml,29,https://github.com/duckduckgo/Android/blob/65f660b66c0e996bdbfcf6a61f6756e89457bc83/browser/browser-ui/src/main/res/values/donottranslate.xml#L29
Android,accessibility,downloads/downloads-impl,downloadsMoreOptionsContentDescription,,More options for %1$s,Placeholder is the name of a file,,%1$s,true,,false,apps/android/downloads/downloads-impl/src/main/res/values/strings-downloads.xml,47,https://github.com/duckduckgo/Android/blob/65f660b66c0e996bdbfcf6a61f6756e89457bc83/downloads/downloads-impl/src/main/res/values/strings-downloads.xml#L47
Android,accessibility,duckchat/duckchat-impl,duck_chat_remove_chat_suggestion_content_description,,Delete chat,,Remove chat history suggestion,,false,,false,apps/android/duckchat/duckchat-impl/src/main/res/values/donottranslate.xml,20,https://github.com/duckduckgo/Android/blob/65f660b66c0e996bdbfcf6a61f6756e89457bc83/duckchat/duckchat-impl/src/main/res/values/donottranslate.xml#L20
Android,accessibility,duckchat/duckchat-impl,duckChatPageContextRemoveContentDescription,,Remove page context,,Page context attachment,,false,,false,apps/android/duckchat/duckchat-impl/src/main/res/values/donottranslate.xml,33,https://github.com/duckduckgo/Android/blob/65f660b66c0e996bdbfcf6a61f6756e89457bc83/duckchat/duckchat-impl/src/main/res/values/donottranslate.xml#L33
Android,accessibility,duckchat/duckchat-impl,duckAIContextualFireButtonContentDescription,,Clear chat,,duck.ai contextual fire button,,true,,false,apps/android/duckchat/duckchat-impl/src/main/res/values/strings-duckchat.xml,206,https://github.com/duckduckgo/Android/blob/65f660b66c0e996bdbfcf6a61f6756e89457bc83/duckchat/duckchat-impl/src/main/res/values/strings-duckchat.xml#L206
Android,accessibility,duckchat/duckchat-impl,duckChatFireButtonContentDescription,,Clear data,,Content Descriptions,,true,,false,apps/android/duckchat/duckchat-impl/src/main/res/values/strings-duckchat.xml,209,https://github.com/duckduckgo/Android/blob/65f660b66c0e996bdbfcf6a61f6756e89457bc83/duckchat/duckchat-impl/src/main/res/values/strings-duckchat.xml#L209
Android,accessibility,duckchat/duckchat-impl,duckChatBrowserMenuContentDescription,,More options,,Content Descriptions,,true,,false,apps/android/duckchat/duckchat-impl/src/main/res/values/strings-duckchat.xml,210,https://github.com/duckduckgo/Android/blob/65f660b66c0e996bdbfcf6a61f6756e89457bc83/duckchat/duckchat-impl/src/main/res/values/strings-duckchat.xml#L210
Android,accessibility,duckchat/duckchat-impl,duck_ai_chat_history_action_search_content_description,,Search chats,,Native Duck.ai chat history,,true,,false,apps/android/duckchat/duckchat-impl/src/main/res/values/strings-duckchat.xml,245,https://github.com/duckduckgo/Android/blob/65f660b66c0e996bdbfcf6a61f6756e89457bc83/duckchat/duckchat-impl/src/main/res/values/strings-duckchat.xml#L245
Android,accessibility,duckchat/duckchat-impl,duck_ai_chat_history_search_close_content_description,,Close search,,Native Duck.ai chat history,,true,,false,apps/android/duckchat/duckchat-impl/src/main/res/values/strings-duckchat.xml,246,https://github.com/duckduckgo/Android/blob/65f660b66c0e996bdbfcf6a61f6756e89457bc83/duckchat/duckchat-impl/src/main/res/values/strings-duckchat.xml#L246
Android,accessibility,duckchat/duckchat-impl,duck_ai_chat_history_search_clear_content_description,,Clear search,,Native Duck.ai chat history,,true,,false,apps/android/duckchat/duckchat-impl/src/main/res/values/strings-duckchat.xml,247,https://github.com/duckduckgo/Android/blob/65f660b66c0e996bdbfcf6a61f6756e89457bc83/duckchat/duckchat-impl/src/main/res/values/strings-duckchat.xml#L247
Android,accessibility,duckchat/duckchat-impl,duck_ai_chat_history_action_fire_content_description,,Delete chats,,Native Duck.ai chat history,,true,,false,apps/android/duckchat/duckchat-impl/src/main/res/values/strings-duckchat.xml,248,https://github.com/duckduckgo/Android/blob/65f660b66c0e996bdbfcf6a61f6756e89457bc83/duckchat/duckchat-impl/src/main/res/values/strings-duckchat.xml#L248
Android,accessibility,duckchat/duckchat-impl,duck_ai_chat_history_action_download_selected_content_description,,Download chats,,Native Duck.ai chat history,,true,,false,apps/android/duckchat/duckchat-impl/src/main/res/values/strings-duckchat.xml,250,https://github.com/duckduckgo/Android/blob/65f660b66c0e996bdbfcf6a61f6756e89457bc83/duckchat/duckchat-impl/src/main/res/values/strings-duckchat.xml#L250
Android,accessibility,duckchat/duckchat-impl,duck_ai_chat_history_action_overflow_content_description,,Open overflow menu,,Native Duck.ai chat history,,true,,false,apps/android/duckchat/duckchat-impl/src/main/res/values/strings-duckchat.xml,255,https://github.com/duckduckgo/Android/blob/65f660b66c0e996bdbfcf6a61f6756e89457bc83/duckchat/duckchat-impl/src/main/res/values/strings-duckchat.xml#L255
Android,accessibility,duckchat/duckchat-impl,duck_ai_chat_history_row_selected_content_description,,Selected,,Native Duck.ai chat history,,true,,false,apps/android/duckchat/duckchat-impl/src/main/res/values/strings-duckchat.xml,258,https://github.com/duckduckgo/Android/blob/65f660b66c0e996bdbfcf6a61f6756e89457bc83/duckchat/duckchat-impl/src/main/res/values/strings-duckchat.xml#L258
Android,accessibility,duckchat/duckchat-impl,duck_ai_chat_history_row_unselected_content_description,,Not selected,,Native Duck.ai chat history,,true,,false,apps/android/duckchat/duckchat-impl/src/main/res/values/strings-duckchat.xml,259,https://github.com/duckduckgo/Android/blob/65f660b66c0e996bdbfcf6a61f6756e89457bc83/duckchat/duckchat-impl/src/main/res/values/strings-duckchat.xml#L259
Android,accessibility,duckchat/duckchat-impl,duck_ai_chat_history_exit_select_mode_content_description,,Exit selection mode,,Native Duck.ai chat history,,true,,false,apps/android/duckchat/duckchat-impl/src/main/res/values/strings-duckchat.xml,260,https://github.com/duckduckgo/Android/blob/65f660b66c0e996bdbfcf6a61f6756e89457bc83/duckchat/duckchat-impl/src/main/res/values/strings-duckchat.xml#L260
Android,accessibility,duckchat/duckchat-impl,duck_ai_chat_history_rename_confirm_content_description,,Save chat title,,Native Duck.ai chat history,,true,,false,apps/android/duckchat/duckchat-impl/src/main/res/values/strings-duckchat.xml,264,https://github.com/duckduckgo/Android/blob/65f660b66c0e996bdbfcf6a61f6756e89457bc83/duckchat/duckchat-impl/src/main/res/values/strings-duckchat.xml#L264
Android,accessibility,duckchat/duckchat-impl,duckChatReasoningModeContentDescription,,Reasoning mode,,Reasoning Mode Picker,,true,,false,apps/android/duckchat/duckchat-impl/src/main/res/values/strings-duckchat.xml,288,https://github.com/duckduckgo/Android/blob/65f660b66c0e996bdbfcf6a61f6756e89457bc83/duckchat/duckchat-impl/src/main/res/values/strings-duckchat.xml#L288
Android,accessibility,duckchat/duckchat-impl,duckChatStartChatContentDescription,,Start chat,,Start chat icon content description,,true,,false,apps/android/duckchat/duckchat-impl/src/main/res/values/strings-duckchat.xml,297,https://github.com/duckduckgo/Android/blob/65f660b66c0e996bdbfcf6a61f6756e89457bc83/duckchat/duckchat-impl/src/main/res/values/strings-duckchat.xml#L297
Android,accessibility,duckchat/duckchat-impl,duckChatStopStreamingContentDescription,,Stop generating,,Start chat icon content description,,true,,false,apps/android/duckchat/duckchat-impl/src/main/res/values/strings-duckchat.xml,298,https://github.com/duckduckgo/Android/blob/65f660b66c0e996bdbfcf6a61f6756e89457bc83/duckchat/duckchat-impl/src/main/res/values/strings-duckchat.xml#L298
Android,accessibility,duckchat/duckchat-impl,duckChatImageAttachmentRemoveContentDescription,,Remove image,,Image attachment,,true,,false,apps/android/duckchat/duckchat-impl/src/main/res/values/strings-duckchat.xml,301,https://github.com/duckduckgo/Android/blob/65f660b66c0e996bdbfcf6a61f6756e89457bc83/duckchat/duckchat-impl/src/main/res/values/strings-duckchat.xml#L301
Android,accessibility,duckchat/duckchat-impl,duckChatFileAttachmentRemoveContentDescription,,Remove file,,File attachment,,true,,false,apps/android/duckchat/duckchat-impl/src/main/res/values/strings-duckchat.xml,313,https://github.com/duckduckgo/Android/blob/65f660b66c0e996bdbfcf6a61f6756e89457bc83/duckchat/duckchat-impl/src/main/res/values/strings-duckchat.xml#L313
Android,accessibility,duckchat/duckchat-impl,duckChatOptionsButtonContentDescription,,Duck.ai options,,Options button,,true,,false,apps/android/duckchat/duckchat-impl/src/main/res/values/strings-duckchat.xml,321,https://github.com/duckduckgo/Android/blob/65f660b66c0e996bdbfcf6a61f6756e89457bc83/duckchat/duckchat-impl/src/main/res/values/strings-duckchat.xml#L321
Android,accessibility,duckchat/duckchat-impl,duckChatOptionsChipDismissContentDescription,,Remove %1$s,%1$s is the name of the option being removed (e.g. Create Image).,Options button,%1$s,true,,false,apps/android/duckchat/duckchat-impl/src/main/res/values/strings-duckchat.xml,322,https://github.com/duckduckgo/Android/blob/65f660b66c0e996bdbfcf6a61f6756e89457bc83/duckchat/duckchat-impl/src/main/res/values/strings-duckchat.xml#L322
Android,accessibility,duckchat/duckchat-impl,duckChatPlusButtonContentDescription,,Open Duck.ai menu,,Duck.ai header,,true,,false,apps/android/duckchat/duckchat-impl/src/main/res/values/strings-duckchat.xml,331,https://github.com/duckduckgo/Android/blob/65f660b66c0e996bdbfcf6a61f6756e89457bc83/duckchat/duckchat-impl/src/main/res/values/strings-duckchat.xml#L331
Android,accessibility,duckchat/duckchat-impl,duckChatUsageFooterDismissContentDescription,,Dismiss,,Duck.ai high-usage model footer,,true,,false,apps/android/duckchat/duckchat-impl/src/main/res/values/strings-duckchat.xml,374,https://github.com/duckduckgo/Android/blob/65f660b66c0e996bdbfcf6a61f6756e89457bc83/duckchat/duckchat-impl/src/main/res/values/strings-duckchat.xml#L374
Android,accessibility,feedback/feedback-impl,feedbackInitialDisambiguationHappyButtonContentDescription,,Positive feedback button,,,,true,,false,apps/android/feedback/feedback-impl/src/main/res/values/strings-feedback.xml,64,https://github.com/duckduckgo/Android/blob/65f660b66c0e996bdbfcf6a61f6756e89457bc83/feedback/feedback-impl/src/main/res/values/strings-feedback.xml#L64
Android,accessibility,feedback/feedback-impl,feedbackInitialDisambiguationSadButtonContentDescription,,Negative feedback button,,,,true,,false,apps/android/feedback/feedback-impl/src/main/res/values/strings-feedback.xml,65,https://github.com/duckduckgo/Android/blob/65f660b66c0e996bdbfcf6a61f6756e89457bc83/feedback/feedback-impl/src/main/res/values/strings-feedback.xml#L65
Android,accessibility,network-protection/network-protection-impl,netpCloseButtonContentDescription,,Close,,Content Descriptions,,true,,false,apps/android/network-protection/network-protection-impl/src/main/res/values/strings-netp.xml,261,https://github.com/duckduckgo/Android/blob/65f660b66c0e996bdbfcf6a61f6756e89457bc83/network-protection/network-protection-impl/src/main/res/values/strings-netp.xml#L261
Android,accessibility,network-protection/network-protection-impl,netpVpnIndicatorContentDescription,,VPN status indicator,,Content Descriptions,,true,,false,apps/android/network-protection/network-protection-impl/src/main/res/values/strings-netp.xml,262,https://github.com/duckduckgo/Android/blob/65f660b66c0e996bdbfcf6a61f6756e89457bc83/network-protection/network-protection-impl/src/main/res/values/strings-netp.xml#L262
Android,accessibility,new-tab-page/new-tab-page-impl,newTabEditOptionsContentDescription,,Edit new tab page,,Content Descriptions,,true,,false,apps/android/new-tab-page/new-tab-page-impl/src/main/res/values/strings-new-tab-page.xml,21,https://github.com/duckduckgo/Android/blob/65f660b66c0e996bdbfcf6a61f6756e89457bc83/new-tab-page/new-tab-page-impl/src/main/res/values/strings-new-tab-page.xml#L21
Android,accessibility,new-tab-page/new-tab-page-impl,newTabShortcutSelectedContentDescription,,Shortcut selection state,,Content Descriptions,,true,,false,apps/android/new-tab-page/new-tab-page-impl/src/main/res/values/strings-new-tab-page.xml,22,https://github.com/duckduckgo/Android/blob/65f660b66c0e996bdbfcf6a61f6756e89457bc83/new-tab-page/new-tab-page-impl/src/main/res/values/strings-new-tab-page.xml#L22
Android,accessibility,saved-sites/saved-sites-impl,bookmarksSearchMenuContentDescription,,Search bookmarks,,Content Descriptions,,true,,false,apps/android/saved-sites/saved-sites-impl/src/main/res/values/strings-saved-sites.xml,33,https://github.com/duckduckgo/Android/blob/65f660b66c0e996bdbfcf6a61f6756e89457bc83/saved-sites/saved-sites-impl/src/main/res/values/strings-saved-sites.xml#L33
Android,accessibility,saved-sites/saved-sites-impl,bookmarksAddFolderMenuContentDescription,,Add folder,,Content Descriptions,,true,,false,apps/android/saved-sites/saved-sites-impl/src/main/res/values/strings-saved-sites.xml,34,https://github.com/duckduckgo/Android/blob/65f660b66c0e996bdbfcf6a61f6756e89457bc83/saved-sites/saved-sites-impl/src/main/res/values/strings-saved-sites.xml#L34
Android,accessibility,saved-sites/saved-sites-impl,bookmarksMenuContentDescription,,More options,,Content Descriptions,,true,,false,apps/android/saved-sites/saved-sites-impl/src/main/res/values/strings-saved-sites.xml,35,https://github.com/duckduckgo/Android/blob/65f660b66c0e996bdbfcf6a61f6756e89457bc83/saved-sites/saved-sites-impl/src/main/res/values/strings-saved-sites.xml#L35
Android,accessibility,saved-sites/saved-sites-impl,newTabFavoritesToggleContentDescription,,Toggle favorites visibility,,Content Descriptions,,true,,false,apps/android/saved-sites/saved-sites-impl/src/main/res/values/strings-saved-sites.xml,36,https://github.com/duckduckgo/Android/blob/65f660b66c0e996bdbfcf6a61f6756e89457bc83/saved-sites/saved-sites-impl/src/main/res/values/strings-saved-sites.xml#L36
Android,accessibility,saved-sites/saved-sites-impl,bookmarkOverflowContentDescription,,More options for bookmark %1$s,Placeholder is the title of the bookmark,Bookmarks Activity,%1$s,true,,false,apps/android/saved-sites/saved-sites-impl/src/main/res/values/strings-saved-sites.xml,43,https://github.com/duckduckgo/Android/blob/65f660b66c0e996bdbfcf6a61f6756e89457bc83/saved-sites/saved-sites-impl/src/main/res/values/strings-saved-sites.xml#L43
Android,accessibility,serp-logos/serp-logos-impl,cdClose,,Close,,,,true,,false,apps/android/serp-logos/serp-logos-impl/src/main/res/values/strings-serp-logos.xml,21,https://github.com/duckduckgo/Android/blob/65f660b66c0e996bdbfcf6a61f6756e89457bc83/serp-logos/serp-logos-impl/src/main/res/values/strings-serp-logos.xml#L21
Android,accessibility,subscriptions/subscriptions-impl,subscriptionExpiredStatusIconContentDescription,,Subscription expired,,Content Descriptions,,true,,false,apps/android/subscriptions/subscriptions-impl/src/main/res/values/strings-subscriptions.xml,202,https://github.com/duckduckgo/Android/blob/65f660b66c0e996bdbfcf6a61f6756e89457bc83/subscriptions/subscriptions-impl/src/main/res/values/strings-subscriptions.xml#L202
Android,accessibility,subscriptions/subscriptions-impl,subscriptionActiveStatusIconContentDescription,,Subscription active,,Content Descriptions,,true,,false,apps/android/subscriptions/subscriptions-impl/src/main/res/values/strings-subscriptions.xml,203,https://github.com/duckduckgo/Android/blob/65f660b66c0e996bdbfcf6a61f6756e89457bc83/subscriptions/subscriptions-impl/src/main/res/values/strings-subscriptions.xml#L203
Android,accessibility,sync/sync-impl,sync_simplified_scanner_show_qr_code_content_description,,Show QR Code,,Scanner screen: toolbar and tabs,,true,,false,apps/android/sync/sync-impl/src/main/res/values/strings-sync.xml,348,https://github.com/duckduckgo/Android/blob/65f660b66c0e996bdbfcf6a61f6756e89457bc83/sync/sync-impl/src/main/res/values/strings-sync.xml#L348
Android,accessibility,voice-search/voice-search-impl,voiceSearchIconContentDescription,,Voice search,,,,true,,false,apps/android/voice-search/voice-search-impl/src/main/res/values/strings-voice-search.xml,21,https://github.com/duckduckgo/Android/blob/65f660b66c0e996bdbfcf6a61f6756e89457bc83/voice-search/voice-search-impl/src/main/res/values/strings-voice-search.xml#L21
